skill_id,repository,path,current_requested_ref,proposed_ref,decision,reason
community/performance-patterns,https://github.com/2233admin/performance-patterns-skill.git,skills/performance-patterns,144ab7cd163f9eeda23479be2bfde603fa3b2106,,omit,The existing commit recorded an earlier catalog snapshot; the skill itself can follow the upstream default branch.
data-engineering/spark-and-distributed-processing,https://github.com/vaquarkhan/data-engineering-agent-skills.git,skills/spark-and-distributed-processing,421ef57e8d42c464b29339193c18dd5bd2946bc2,,omit,The existing commit recorded an earlier catalog snapshot; the skill itself can follow the upstream default branch.
mattpocock/ask-matt,https://github.com/mattpocock/skills.git,skills/engineering/ask-matt,c55ee46073ed923f86ce59a5eb3b6d895095d1b7,,omit,The existing commit recorded an earlier catalog snapshot; the skill itself can follow the upstream default branch.
mattpocock/code-review,https://github.com/mattpocock/skills.git,skills/engineering/code-review,c55ee46073ed923f86ce59a5eb3b6d895095d1b7,,omit,The existing commit recorded an earlier catalog snapshot; the skill itself can follow the upstream default branch.
mattpocock/codebase-design,https://github.com/mattpocock/skills.git,skills/engineering/codebase-design,c55ee46073ed923f86ce59a5eb3b6d895095d1b7,,omit,The existing commit recorded an earlier catalog snapshot; the skill itself can follow the upstream default branch.
mattpocock/diagnosing-bugs,https://github.com/mattpocock/skills.git,skills/engineering/diagnosing-bugs,c55ee46073ed923f86ce59a5eb3b6d895095d1b7,,omit,The existing commit recorded an earlier catalog snapshot; the skill itself can follow the upstream default branch.
mattpocock/domain-modeling,https://github.com/mattpocock/skills.git,skills/engineering/domain-modeling,c55ee46073ed923f86ce59a5eb3b6d895095d1b7,,omit,The existing commit recorded an earlier catalog snapshot; the skill itself can follow the upstream default branch.
mattpocock/grill-me,https://github.com/mattpocock/skills.git,skills/productivity/grill-me,c55ee46073ed923f86ce59a5eb3b6d895095d1b7,,omit,The existing commit recorded an earlier catalog snapshot; the skill itself can follow the upstream default branch.
mattpocock/grill-with-docs,https://github.com/mattpocock/skills.git,skills/engineering/grill-with-docs,c55ee46073ed923f86ce59a5eb3b6d895095d1b7,,omit,The existing commit recorded an earlier catalog snapshot; the skill itself can follow the upstream default branch.
mattpocock/grilling,https://github.com/mattpocock/skills.git,skills/productivity/grilling,c55ee46073ed923f86ce59a5eb3b6d895095d1b7,,omit,The existing commit recorded an earlier catalog snapshot; the skill itself can follow the upstream default branch.
mattpocock/handoff,https://github.com/mattpocock/skills.git,skills/productivity/handoff,c55ee46073ed923f86ce59a5eb3b6d895095d1b7,,omit,The existing commit recorded an earlier catalog snapshot; the skill itself can follow the upstream default branch.
mattpocock/implement,https://github.com/mattpocock/skills.git,skills/engineering/implement,c55ee46073ed923f86ce59a5eb3b6d895095d1b7,,omit,The existing commit recorded an earlier catalog snapshot; the skill itself can follow the upstream default branch.
mattpocock/improve-codebase-architecture,https://github.com/mattpocock/skills.git,skills/engineering/improve-codebase-architecture,c55ee46073ed923f86ce59a5eb3b6d895095d1b7,,omit,The existing commit recorded an earlier catalog snapshot; the skill itself can follow the upstream default branch.
mattpocock/prototype,https://github.com/mattpocock/skills.git,skills/engineering/prototype,c55ee46073ed923f86ce59a5eb3b6d895095d1b7,,omit,The existing commit recorded an earlier catalog snapshot; the skill itself can follow the upstream default branch.
mattpocock/research,https://github.com/mattpocock/skills.git,skills/engineering/research,c55ee46073ed923f86ce59a5eb3b6d895095d1b7,,omit,The existing commit recorded an earlier catalog snapshot; the skill itself can follow the upstream default branch.
mattpocock/resolving-merge-conflicts,https://github.com/mattpocock/skills.git,skills/engineering/resolving-merge-conflicts,c55ee46073ed923f86ce59a5eb3b6d895095d1b7,,omit,The existing commit recorded an earlier catalog snapshot; the skill itself can follow the upstream default branch.
mattpocock/setup-matt-pocock-skills,https://github.com/mattpocock/skills.git,skills/engineering/setup-matt-pocock-skills,c55ee46073ed923f86ce59a5eb3b6d895095d1b7,,omit,The existing commit recorded an earlier catalog snapshot; the skill itself can follow the upstream default branch.
mattpocock/tdd,https://github.com/mattpocock/skills.git,skills/engineering/tdd,c55ee46073ed923f86ce59a5eb3b6d895095d1b7,,omit,The existing commit recorded an earlier catalog snapshot; the skill itself can follow the upstream default branch.
mattpocock/teach,https://github.com/mattpocock/skills.git,skills/productivity/teach,c55ee46073ed923f86ce59a5eb3b6d895095d1b7,,omit,The existing commit recorded an earlier catalog snapshot; the skill itself can follow the upstream default branch.
mattpocock/to-questionnaire,https://github.com/mattpocock/skills.git,skills/productivity/to-questionnaire,c55ee46073ed923f86ce59a5eb3b6d895095d1b7,,omit,The existing commit recorded an earlier catalog snapshot; the skill itself can follow the upstream default branch.
mattpocock/to-spec,https://github.com/mattpocock/skills.git,skills/engineering/to-spec,c55ee46073ed923f86ce59a5eb3b6d895095d1b7,,omit,The existing commit recorded an earlier catalog snapshot; the skill itself can follow the upstream default branch.
mattpocock/to-tickets,https://github.com/mattpocock/skills.git,skills/engineering/to-tickets,c55ee46073ed923f86ce59a5eb3b6d895095d1b7,,omit,The existing commit recorded an earlier catalog snapshot; the skill itself can follow the upstream default branch.
mattpocock/triage,https://github.com/mattpocock/skills.git,skills/engineering/triage,c55ee46073ed923f86ce59a5eb3b6d895095d1b7,,omit,The existing commit recorded an earlier catalog snapshot; the skill itself can follow the upstream default branch.
mattpocock/wait-what,https://github.com/mattpocock/skills.git,skills/productivity/wait-what,c55ee46073ed923f86ce59a5eb3b6d895095d1b7,,omit,The existing commit recorded an earlier catalog snapshot; the skill itself can follow the upstream default branch.
mattpocock/wayfinder,https://github.com/mattpocock/skills.git,skills/engineering/wayfinder,c55ee46073ed923f86ce59a5eb3b6d895095d1b7,,omit,The existing commit recorded an earlier catalog snapshot; the skill itself can follow the upstream default branch.
mattpocock/wizard,https://github.com/mattpocock/skills.git,skills/engineering/wizard,c55ee46073ed923f86ce59a5eb3b6d895095d1b7,,omit,The existing commit recorded an earlier catalog snapshot; the skill itself can follow the upstream default branch.
mattpocock/writing-for-agents,https://github.com/mattpocock/skills.git,skills/productivity/writing-for-agents,c55ee46073ed923f86ce59a5eb3b6d895095d1b7,,omit,The existing commit recorded an earlier catalog snapshot; the skill itself can follow the upstream default branch.
superpowers/brainstorming,https://github.com/obra/superpowers.git,skills/brainstorming,5bf4e78011075bcfc0dc295f0724994cd123ee71,,omit,The existing commit recorded an earlier catalog snapshot; the skill itself can follow the upstream default branch.
superpowers/diagnosing-superpowers,https://github.com/obra/superpowers.git,skills/diagnosing-superpowers,5bf4e78011075bcfc0dc295f0724994cd123ee71,,omit,The existing commit recorded an earlier catalog snapshot; the skill itself can follow the upstream default branch.
superpowers/dispatching-parallel-agents,https://github.com/obra/superpowers.git,skills/dispatching-parallel-agents,5bf4e78011075bcfc0dc295f0724994cd123ee71,,omit,The existing commit recorded an earlier catalog snapshot; the skill itself can follow the upstream default branch.
superpowers/executing-plans,https://github.com/obra/superpowers.git,skills/executing-plans,5bf4e78011075bcfc0dc295f0724994cd123ee71,,omit,The existing commit recorded an earlier catalog snapshot; the skill itself can follow the upstream default branch.
superpowers/finishing-a-development-branch,https://github.com/obra/superpowers.git,skills/finishing-a-development-branch,5bf4e78011075bcfc0dc295f0724994cd123ee71,,omit,The existing commit recorded an earlier catalog snapshot; the skill itself can follow the upstream default branch.
superpowers/receiving-code-review,https://github.com/obra/superpowers.git,skills/receiving-code-review,5bf4e78011075bcfc0dc295f0724994cd123ee71,,omit,The existing commit recorded an earlier catalog snapshot; the skill itself can follow the upstream default branch.
superpowers/requesting-code-review,https://github.com/obra/superpowers.git,skills/requesting-code-review,5bf4e78011075bcfc0dc295f0724994cd123ee71,,omit,The existing commit recorded an earlier catalog snapshot; the skill itself can follow the upstream default branch.
superpowers/subagent-driven-development,https://github.com/obra/superpowers.git,skills/subagent-driven-development,5bf4e78011075bcfc0dc295f0724994cd123ee71,,omit,The existing commit recorded an earlier catalog snapshot; the skill itself can follow the upstream default branch.
superpowers/systematic-debugging,https://github.com/obra/superpowers.git,skills/systematic-debugging,5bf4e78011075bcfc0dc295f0724994cd123ee71,,omit,The existing commit recorded an earlier catalog snapshot; the skill itself can follow the upstream default branch.
superpowers/test-driven-development,https://github.com/obra/superpowers.git,skills/test-driven-development,5bf4e78011075bcfc0dc295f0724994cd123ee71,,omit,The existing commit recorded an earlier catalog snapshot; the skill itself can follow the upstream default branch.
superpowers/using-git-worktrees,https://github.com/obra/superpowers.git,skills/using-git-worktrees,5bf4e78011075bcfc0dc295f0724994cd123ee71,,omit,The existing commit recorded an earlier catalog snapshot; the skill itself can follow the upstream default branch.
superpowers/using-superpowers,https://github.com/obra/superpowers.git,skills/using-superpowers,5bf4e78011075bcfc0dc295f0724994cd123ee71,,omit,The existing commit recorded an earlier catalog snapshot; the skill itself can follow the upstream default branch.
superpowers/verification-before-completion,https://github.com/obra/superpowers.git,skills/verification-before-completion,5bf4e78011075bcfc0dc295f0724994cd123ee71,,omit,The existing commit recorded an earlier catalog snapshot; the skill itself can follow the upstream default branch.
superpowers/writing-plans,https://github.com/obra/superpowers.git,skills/writing-plans,5bf4e78011075bcfc0dc295f0724994cd123ee71,,omit,The existing commit recorded an earlier catalog snapshot; the skill itself can follow the upstream default branch.
superpowers/writing-skills,https://github.com/obra/superpowers.git,skills/writing-skills,5bf4e78011075bcfc0dc295f0724994cd123ee71,,omit,The existing commit recorded an earlier catalog snapshot; the skill itself can follow the upstream default branch.
